case:concept:name,concept:name,time:timestamp,x,y
case_1,T1,2026-02-09T10:58:00.000Z,0,0
case_1,T2,2026-02-09T10:59:00.000Z,1,
case_1,T4,2026-02-09T11:00:00.000Z,,1
case_1,T2,2026-02-09T11:01:00.000Z,2,
case_1,T4,2026-02-09T11:02:00.000Z,,2
case_1,T2,2026-02-09T11:03:00.000Z,3,
case_1,T4,2026-02-09T11:04:00.000Z,,3
case_1,T2,2026-02-09T11:05:00.000Z,4,
case_1,T4,2026-02-09T11:06:00.000Z,,4
case_1,T2,2026-02-09T11:07:00.000Z,5,
case_1,T4,2026-02-09T11:08:00.000Z,,5
case_1,T2,2026-02-09T11:09:00.000Z,6,
case_1,T4,2026-02-09T11:10:00.000Z,,6
case_1,T2,2026-02-09T11:11:00.000Z,7,
case_1,T4,2026-02-09T11:12:00.000Z,,7
case_1,T2,2026-02-09T11:13:00.000Z,8,
case_1,T4,2026-02-09T11:14:00.000Z,,8
case_1,T2,2026-02-09T11:15:00.000Z,9,
case_1,T3,2026-02-09T11:16:00.000Z,,
case_2,T1,2026-02-09T11:18:00.000Z,0,0
case_2,T2,2026-02-09T11:19:00.000Z,1,
case_2,T4,2026-02-09T11:20:00.000Z,,1
case_2,T2,2026-02-09T11:21:00.000Z,2,
case_2,T4,2026-02-09T11:22:00.000Z,,2
case_2,T2,2026-02-09T11:23:00.000Z,3,
case_2,T4,2026-02-09T11:24:00.000Z,,3
case_2,T2,2026-02-09T11:25:00.000Z,4,
case_2,T4,2026-02-09T11:26:00.000Z,,4
case_2,T2,2026-02-09T11:27:00.000Z,5,
case_2,T4,2026-02-09T11:28:00.000Z,,5
case_2,T2,2026-02-09T11:29:00.000Z,6,
case_2,T4,2026-02-09T11:30:00.000Z,,6
case_2,T2,2026-02-09T11:31:00.000Z,7,
case_2,T3,2026-02-09T11:32:00.000Z,,
case_3,T1,2026-02-09T11:34:00.000Z,0,0
case_3,T2,2026-02-09T11:35:00.000Z,1,
case_3,T4,2026-02-09T11:36:00.000Z,,1
case_3,T2,2026-02-09T11:37:00.000Z,2,
case_3,T4,2026-02-09T11:38:00.000Z,,2
case_3,T2,2026-02-09T11:39:00.000Z,3,
case_3,T4,2026-02-09T11:40:00.000Z,,3
case_3,T2,2026-02-09T11:41:00.000Z,4,
case_3,T4,2026-02-09T11:42:00.000Z,,4
case_3,T2,2026-02-09T11:43:00.000Z,5,
case_3,T4,2026-02-09T11:44:00.000Z,,5
case_3,T2,2026-02-09T11:45:00.000Z,6,
case_3,T3,2026-02-09T11:46:00.000Z,,
case_4,T1,2026-02-09T11:48:00.000Z,0,0
case_4,T2,2026-02-09T11:49:00.000Z,1,
case_4,T4,2026-02-09T11:50:00.000Z,,1
case_4,T2,2026-02-09T11:51:00.000Z,2,
case_4,T4,2026-02-09T11:52:00.000Z,,2
case_4,T2,2026-02-09T11:53:00.000Z,3,
case_4,T4,2026-02-09T11:54:00.000Z,,3
case_4,T2,2026-02-09T11:55:00.000Z,4,
case_4,T4,2026-02-09T11:56:00.000Z,,4
case_4,T2,2026-02-09T11:57:00.000Z,5,
case_4,T4,2026-02-09T11:58:00.000Z,,5
case_4,T2,2026-02-09T11:59:00.000Z,6,
case_4,T4,2026-02-09T12:00:00.000Z,,6
case_4,T2,2026-02-09T12:01:00.000Z,7,
case_4,T3,2026-02-09T12:02:00.000Z,,
case_5,T1,2026-02-09T12:04:00.000Z,0,0
case_5,T2,2026-02-09T12:05:00.000Z,1,
case_5,T4,2026-02-09T12:06:00.000Z,,1
case_5,T2,2026-02-09T12:07:00.000Z,2,
case_5,T4,2026-02-09T12:08:00.000Z,,2
case_5,T2,2026-02-09T12:09:00.000Z,3,
case_5,T4,2026-02-09T12:10:00.000Z,,3
case_5,T2,2026-02-09T12:11:00.000Z,4,
case_5,T4,2026-02-09T12:12:00.000Z,,4
case_5,T2,2026-02-09T12:13:00.000Z,5,
case_5,T4,2026-02-09T12:14:00.000Z,,5
case_5,T2,2026-02-09T12:15:00.000Z,6,
case_5,T4,2026-02-09T12:16:00.000Z,,6
case_5,T2,2026-02-09T12:17:00.000Z,7,
case_5,T3,2026-02-09T12:18:00.000Z,,
case_6,T1,2026-02-09T12:20:00.000Z,0,0
case_6,T2,2026-02-09T12:21:00.000Z,1,
case_6,T4,2026-02-09T12:22:00.000Z,,1
case_6,T2,2026-02-09T12:23:00.000Z,2,
case_6,T4,2026-02-09T12:24:00.000Z,,2
case_6,T2,2026-02-09T12:25:00.000Z,3,
case_6,T4,2026-02-09T12:26:00.000Z,,3
case_6,T2,2026-02-09T12:27:00.000Z,4,
case_6,T4,2026-02-09T12:28:00.000Z,,4
case_6,T2,2026-02-09T12:29:00.000Z,5,
case_6,T4,2026-02-09T12:30:00.000Z,,5
case_6,T2,2026-02-09T12:31:00.000Z,6,
case_6,T3,2026-02-09T12:32:00.000Z,,
case_7,T1,2026-02-09T12:34:00.000Z,0,0
case_7,T2,2026-02-09T12:35:00.000Z,1,
case_7,T4,2026-02-09T12:36:00.000Z,,1
case_7,T2,2026-02-09T12:37:00.000Z,2,
case_7,T4,2026-02-09T12:38:00.000Z,,2
case_7,T2,2026-02-09T12:39:00.000Z,3,
case_7,T4,2026-02-09T12:40:00.000Z,,3
case_7,T2,2026-02-09T12:41:00.000Z,4,
case_7,T4,2026-02-09T12:42:00.000Z,,4
case_7,T2,2026-02-09T12:43:00.000Z,5,
case_7,T4,2026-02-09T12:44:00.000Z,,5
case_7,T2,2026-02-09T12:45:00.000Z,6,
case_7,T3,2026-02-09T12:46:00.000Z,,
case_8,T1,2026-02-09T12:48:00.000Z,0,0
case_8,T2,2026-02-09T12:49:00.000Z,1,
case_8,T4,2026-02-09T12:50:00.000Z,,1
case_8,T2,2026-02-09T12:51:00.000Z,2,
case_8,T4,2026-02-09T12:52:00.000Z,,2
case_8,T2,2026-02-09T12:53:00.000Z,3,
case_8,T4,2026-02-09T12:54:00.000Z,,3
case_8,T2,2026-02-09T12:55:00.000Z,4,
case_8,T4,2026-02-09T12:56:00.000Z,,4
case_8,T2,2026-02-09T12:57:00.000Z,5,
case_8,T4,2026-02-09T12:58:00.000Z,,5
case_8,T2,2026-02-09T12:59:00.000Z,6,
case_8,T4,2026-02-09T13:00:00.000Z,,6
case_8,T2,2026-02-09T13:01:00.000Z,7,
case_8,T3,2026-02-09T13:02:00.000Z,,
case_9,T1,2026-02-09T13:04:00.000Z,0,0
case_9,T2,2026-02-09T13:05:00.000Z,1,
case_9,T4,2026-02-09T13:06:00.000Z,,1
case_9,T2,2026-02-09T13:07:00.000Z,2,
case_9,T4,2026-02-09T13:08:00.000Z,,2
case_9,T2,2026-02-09T13:09:00.000Z,3,
case_9,T4,2026-02-09T13:10:00.000Z,,3
case_9,T2,2026-02-09T13:11:00.000Z,4,
case_9,T4,2026-02-09T13:12:00.000Z,,4
case_9,T2,2026-02-09T13:13:00.000Z,5,
case_9,T4,2026-02-09T13:14:00.000Z,,5
case_9,T2,2026-02-09T13:15:00.000Z,6,
case_9,T4,2026-02-09T13:16:00.000Z,,6
case_9,T2,2026-02-09T13:17:00.000Z,7,
case_9,T3,2026-02-09T13:18:00.000Z,,
case_10,T1,2026-02-09T13:20:00.000Z,0,0
case_10,T2,2026-02-09T13:21:00.000Z,1,
case_10,T4,2026-02-09T13:22:00.000Z,,1
case_10,T2,2026-02-09T13:23:00.000Z,2,
case_10,T4,2026-02-09T13:24:00.000Z,,2
case_10,T2,2026-02-09T13:25:00.000Z,3,
case_10,T4,2026-02-09T13:26:00.000Z,,3
case_10,T2,2026-02-09T13:27:00.000Z,4,
case_10,T4,2026-02-09T13:28:00.000Z,,4
case_10,T2,2026-02-09T13:29:00.000Z,5,
case_10,T4,2026-02-09T13:30:00.000Z,,5
case_10,T2,2026-02-09T13:31:00.000Z,6,
case_10,T4,2026-02-09T13:32:00.000Z,,6
case_10,T2,2026-02-09T13:33:00.000Z,7,
case_10,T4,2026-02-09T13:34:00.000Z,,7
case_10,T2,2026-02-09T13:35:00.000Z,8,
case_10,T3,2026-02-09T13:36:00.000Z,,
case_11,T1,2026-02-09T13:38:00.000Z,0,0
case_11,T2,2026-02-09T13:39:00.000Z,1,
case_11,T4,2026-02-09T13:40:00.000Z,,1
case_11,T2,2026-02-09T13:41:00.000Z,2,
case_11,T4,2026-02-09T13:42:00.000Z,,2
case_11,T2,2026-02-09T13:43:00.000Z,3,
case_11,T4,2026-02-09T13:44:00.000Z,,3
case_11,T2,2026-02-09T13:45:00.000Z,4,
case_11,T4,2026-02-09T13:46:00.000Z,,4
case_11,T2,2026-02-09T13:47:00.000Z,5,
case_11,T4,2026-02-09T13:48:00.000Z,,5
case_11,T2,2026-02-09T13:49:00.000Z,6,
case_11,T3,2026-02-09T13:50:00.000Z,,
case_12,T1,2026-02-09T13:52:00.000Z,0,0
case_12,T2,2026-02-09T13:53:00.000Z,1,
case_12,T4,2026-02-09T13:54:00.000Z,,1
case_12,T2,2026-02-09T13:55:00.000Z,2,
case_12,T4,2026-02-09T13:56:00.000Z,,2
case_12,T2,2026-02-09T13:57:00.000Z,3,
case_12,T4,2026-02-09T13:58:00.000Z,,3
case_12,T2,2026-02-09T13:59:00.000Z,4,
case_12,T4,2026-02-09T14:00:00.000Z,,4
case_12,T2,2026-02-09T14:01:00.000Z,5,
case_12,T4,2026-02-09T14:02:00.000Z,,5
case_12,T2,2026-02-09T14:03:00.000Z,6,
case_12,T3,2026-02-09T14:04:00.000Z,,
case_13,T1,2026-02-09T14:06:00.000Z,0,0
case_13,T2,2026-02-09T14:07:00.000Z,1,
case_13,T4,2026-02-09T14:08:00.000Z,,1
case_13,T2,2026-02-09T14:09:00.000Z,2,
case_13,T4,2026-02-09T14:10:00.000Z,,2
case_13,T2,2026-02-09T14:11:00.000Z,3,
case_13,T4,2026-02-09T14:12:00.000Z,,3
case_13,T2,2026-02-09T14:13:00.000Z,4,
case_13,T4,2026-02-09T14:14:00.000Z,,4
case_13,T2,2026-02-09T14:15:00.000Z,5,
case_13,T4,2026-02-09T14:16:00.000Z,,5
case_13,T2,2026-02-09T14:17:00.000Z,6,
case_13,T3,2026-02-09T14:18:00.000Z,,
case_14,T1,2026-02-09T14:20:00.000Z,0,0
case_14,T2,2026-02-09T14:21:00.000Z,1,
case_14,T4,2026-02-09T14:22:00.000Z,,1
case_14,T2,2026-02-09T14:23:00.000Z,2,
case_14,T4,2026-02-09T14:24:00.000Z,,2
case_14,T2,2026-02-09T14:25:00.000Z,3,
case_14,T4,2026-02-09T14:26:00.000Z,,3
case_14,T2,2026-02-09T14:27:00.000Z,4,
case_14,T4,2026-02-09T14:28:00.000Z,,4
case_14,T2,2026-02-09T14:29:00.000Z,5,
case_14,T4,2026-02-09T14:30:00.000Z,,5
case_14,T2,2026-02-09T14:31:00.000Z,6,
case_14,T4,2026-02-09T14:32:00.000Z,,6
case_14,T2,2026-02-09T14:33:00.000Z,7,
case_14,T4,2026-02-09T14:34:00.000Z,,7
case_14,T2,2026-02-09T14:35:00.000Z,8,
case_14,T4,2026-02-09T14:36:00.000Z,,8
case_14,T2,2026-02-09T14:37:00.000Z,9,
case_14,T3,2026-02-09T14:38:00.000Z,,
case_15,T1,2026-02-09T14:40:00.000Z,0,0
case_15,T2,2026-02-09T14:41:00.000Z,1,
case_15,T4,2026-02-09T14:42:00.000Z,,1
case_15,T2,2026-02-09T14:43:00.000Z,2,
case_15,T4,2026-02-09T14:44:00.000Z,,2
case_15,T2,2026-02-09T14:45:00.000Z,3,
case_15,T4,2026-02-09T14:46:00.000Z,,3
case_15,T2,2026-02-09T14:47:00.000Z,4,
case_15,T4,2026-02-09T14:48:00.000Z,,4
case_15,T2,2026-02-09T14:49:00.000Z,5,
case_15,T4,2026-02-09T14:50:00.000Z,,5
case_15,T2,2026-02-09T14:51:00.000Z,6,
case_15,T4,2026-02-09T14:52:00.000Z,,6
case_15,T2,2026-02-09T14:53:00.000Z,7,
case_15,T4,2026-02-09T14:54:00.000Z,,7
case_15,T2,2026-02-09T14:55:00.000Z,8,
case_15,T3,2026-02-09T14:56:00.000Z,,
case_16,T1,2026-02-09T14:58:00.000Z,0,0
case_16,T2,2026-02-09T14:59:00.000Z,1,
case_16,T4,2026-02-09T15:00:00.000Z,,1
case_16,T2,2026-02-09T15:01:00.000Z,2,
case_16,T4,2026-02-09T15:02:00.000Z,,2
case_16,T2,2026-02-09T15:03:00.000Z,3,
case_16,T4,2026-02-09T15:04:00.000Z,,3
case_16,T2,2026-02-09T15:05:00.000Z,4,
case_16,T4,2026-02-09T15:06:00.000Z,,4
case_16,T2,2026-02-09T15:07:00.000Z,5,
case_16,T4,2026-02-09T15:08:00.000Z,,5
case_16,T2,2026-02-09T15:09:00.000Z,6,
case_16,T4,2026-02-09T15:10:00.000Z,,6
case_16,T2,2026-02-09T15:11:00.000Z,7,
case_16,T3,2026-02-09T15:12:00.000Z,,
case_17,T1,2026-02-09T15:14:00.000Z,0,0
case_17,T2,2026-02-09T15:15:00.000Z,1,
case_17,T4,2026-02-09T15:16:00.000Z,,1
case_17,T2,2026-02-09T15:17:00.000Z,2,
case_17,T4,2026-02-09T15:18:00.000Z,,2
case_17,T2,2026-02-09T15:19:00.000Z,3,
case_17,T4,2026-02-09T15:20:00.000Z,,3
case_17,T2,2026-02-09T15:21:00.000Z,4,
case_17,T4,2026-02-09T15:22:00.000Z,,4
case_17,T2,2026-02-09T15:23:00.000Z,5,
case_17,T4,2026-02-09T15:24:00.000Z,,5
case_17,T2,2026-02-09T15:25:00.000Z,6,
case_17,T4,2026-02-09T15:26:00.000Z,,6
case_17,T2,2026-02-09T15:27:00.000Z,7,
case_17,T4,2026-02-09T15:28:00.000Z,,7
case_17,T2,2026-02-09T15:29:00.000Z,8,
case_17,T4,2026-02-09T15:30:00.000Z,,8
case_17,T2,2026-02-09T15:31:00.000Z,9,
case_17,T3,2026-02-09T15:32:00.000Z,,
case_18,T1,2026-02-09T15:34:00.000Z,0,0
case_18,T2,2026-02-09T15:35:00.000Z,1,
case_18,T4,2026-02-09T15:36:00.000Z,,1
case_18,T2,2026-02-09T15:37:00.000Z,2,
case_18,T4,2026-02-09T15:38:00.000Z,,2
case_18,T2,2026-02-09T15:39:00.000Z,3,
case_18,T4,2026-02-09T15:40:00.000Z,,3
case_18,T2,2026-02-09T15:41:00.000Z,4,
case_18,T4,2026-02-09T15:42:00.000Z,,4
case_18,T2,2026-02-09T15:43:00.000Z,5,
case_18,T4,2026-02-09T15:44:00.000Z,,5
case_18,T2,2026-02-09T15:45:00.000Z,6,
case_18,T3,2026-02-09T15:46:00.000Z,,
case_19,T1,2026-02-09T15:48:00.000Z,0,0
case_19,T2,2026-02-09T15:49:00.000Z,1,
case_19,T4,2026-02-09T15:50:00.000Z,,1
case_19,T2,2026-02-09T15:51:00.000Z,2,
case_19,T4,2026-02-09T15:52:00.000Z,,2
case_19,T2,2026-02-09T15:53:00.000Z,3,
case_19,T4,2026-02-09T15:54:00.000Z,,3
case_19,T2,2026-02-09T15:55:00.000Z,4,
case_19,T4,2026-02-09T15:56:00.000Z,,4
case_19,T2,2026-02-09T15:57:00.000Z,5,
case_19,T4,2026-02-09T15:58:00.000Z,,5
case_19,T2,2026-02-09T15:59:00.000Z,6,
case_19,T3,2026-02-09T16:00:00.000Z,,
case_20,T1,2026-02-09T16:02:00.000Z,0,0
case_20,T2,2026-02-09T16:03:00.000Z,1,
case_20,T4,2026-02-09T16:04:00.000Z,,1
case_20,T2,2026-02-09T16:05:00.000Z,2,
case_20,T4,2026-02-09T16:06:00.000Z,,2
case_20,T2,2026-02-09T16:07:00.000Z,3,
case_20,T4,2026-02-09T16:08:00.000Z,,3
case_20,T2,2026-02-09T16:09:00.000Z,4,
case_20,T4,2026-02-09T16:10:00.000Z,,4
case_20,T2,2026-02-09T16:11:00.000Z,5,
case_20,T4,2026-02-09T16:12:00.000Z,,5
case_20,T2,2026-02-09T16:13:00.000Z,6,
case_20,T4,2026-02-09T16:14:00.000Z,,6
case_20,T2,2026-02-09T16:15:00.000Z,7,
case_20,T4,2026-02-09T16:16:00.000Z,,7
case_20,T2,2026-02-09T16:17:00.000Z,8,
case_20,T3,2026-02-09T16:18:00.000Z,,
case_21,T1,2026-02-09T16:20:00.000Z,0,0
case_21,T2,2026-02-09T16:21:00.000Z,1,
case_21,T4,2026-02-09T16:22:00.000Z,,1
case_21,T2,2026-02-09T16:23:00.000Z,2,
case_21,T4,2026-02-09T16:24:00.000Z,,2
case_21,T2,2026-02-09T16:25:00.000Z,3,
case_21,T4,2026-02-09T16:26:00.000Z,,3
case_21,T2,2026-02-09T16:27:00.000Z,4,
case_21,T4,2026-02-09T16:28:00.000Z,,4
case_21,T2,2026-02-09T16:29:00.000Z,5,
case_21,T4,2026-02-09T16:30:00.000Z,,5
case_21,T2,2026-02-09T16:31:00.000Z,6,
case_21,T3,2026-02-09T16:32:00.000Z,,
case_22,T1,2026-02-09T16:34:00.000Z,0,0
case_22,T2,2026-02-09T16:35:00.000Z,1,
case_22,T4,2026-02-09T16:36:00.000Z,,1
case_22,T2,2026-02-09T16:37:00.000Z,2,
case_22,T4,2026-02-09T16:38:00.000Z,,2
case_22,T2,2026-02-09T16:39:00.000Z,3,
case_22,T4,2026-02-09T16:40:00.000Z,,3
case_22,T2,2026-02-09T16:41:00.000Z,4,
case_22,T4,2026-02-09T16:42:00.000Z,,4
case_22,T2,2026-02-09T16:43:00.000Z,5,
case_22,T4,2026-02-09T16:44:00.000Z,,5
case_22,T2,2026-02-09T16:45:00.000Z,6,
case_22,T3,2026-02-09T16:46:00.000Z,,
case_23,T1,2026-02-09T16:48:00.000Z,0,0
case_23,T2,2026-02-09T16:49:00.000Z,1,
case_23,T4,2026-02-09T16:50:00.000Z,,1
case_23,T2,2026-02-09T16:51:00.000Z,2,
case_23,T4,2026-02-09T16:52:00.000Z,,2
case_23,T2,2026-02-09T16:53:00.000Z,3,
case_23,T4,2026-02-09T16:54:00.000Z,,3
case_23,T2,2026-02-09T16:55:00.000Z,4,
case_23,T4,2026-02-09T16:56:00.000Z,,4
case_23,T2,2026-02-09T16:57:00.000Z,5,
case_23,T4,2026-02-09T16:58:00.000Z,,5
case_23,T2,2026-02-09T16:59:00.000Z,6,
case_23,T4,2026-02-09T17:00:00.000Z,,6
case_23,T2,2026-02-09T17:01:00.000Z,7,
case_23,T4,2026-02-09T17:02:00.000Z,,7
case_23,T2,2026-02-09T17:03:00.000Z,8,
case_23,T4,2026-02-09T17:04:00.000Z,,8
case_23,T2,2026-02-09T17:05:00.000Z,9,
case_23,T4,2026-02-09T17:06:00.000Z,,9
case_23,T2,2026-02-09T17:07:00.000Z,10,
case_23,T4,2026-02-09T17:08:00.000Z,,10
case_23,T2,2026-02-09T17:09:00.000Z,11,
case_23,T3,2026-02-09T17:10:00.000Z,,
case_24,T1,2026-02-09T17:12:00.000Z,0,0
case_24,T2,2026-02-09T17:13:00.000Z,1,
case_24,T4,2026-02-09T17:14:00.000Z,,1
case_24,T2,2026-02-09T17:15:00.000Z,2,
case_24,T4,2026-02-09T17:16:00.000Z,,2
case_24,T2,2026-02-09T17:17:00.000Z,3,
case_24,T4,2026-02-09T17:18:00.000Z,,3
case_24,T2,2026-02-09T17:19:00.000Z,4,
case_24,T4,2026-02-09T17:20:00.000Z,,4
case_24,T2,2026-02-09T17:21:00.000Z,5,
case_24,T4,2026-02-09T17:22:00.000Z,,5
case_24,T2,2026-02-09T17:23:00.000Z,6,
case_24,T3,2026-02-09T17:24:00.000Z,,
case_25,T1,2026-02-09T17:26:00.000Z,0,0
case_25,T2,2026-02-09T17:27:00.000Z,1,
case_25,T4,2026-02-09T17:28:00.000Z,,1
case_25,T2,2026-02-09T17:29:00.000Z,2,
case_25,T4,2026-02-09T17:30:00.000Z,,2
case_25,T2,2026-02-09T17:31:00.000Z,3,
case_25,T4,2026-02-09T17:32:00.000Z,,3
case_25,T2,2026-02-09T17:33:00.000Z,4,
case_25,T4,2026-02-09T17:34:00.000Z,,4
case_25,T2,2026-02-09T17:35:00.000Z,5,
case_25,T4,2026-02-09T17:36:00.000Z,,5
case_25,T2,2026-02-09T17:37:00.000Z,6,
case_25,T3,2026-02-09T17:38:00.000Z,,
case_26,T1,2026-02-09T17:40:00.000Z,0,0
case_26,T2,2026-02-09T17:41:00.000Z,1,
case_26,T4,2026-02-09T17:42:00.000Z,,1
case_26,T2,2026-02-09T17:43:00.000Z,2,
case_26,T4,2026-02-09T17:44:00.000Z,,2
case_26,T2,2026-02-09T17:45:00.000Z,3,
case_26,T4,2026-02-09T17:46:00.000Z,,3
case_26,T2,2026-02-09T17:47:00.000Z,4,
case_26,T4,2026-02-09T17:48:00.000Z,,4
case_26,T2,2026-02-09T17:49:00.000Z,5,
case_26,T4,2026-02-09T17:50:00.000Z,,5
case_26,T2,2026-02-09T17:51:00.000Z,6,
case_26,T3,2026-02-09T17:52:00.000Z,,
case_27,T1,2026-02-09T17:54:00.000Z,0,0
case_27,T2,2026-02-09T17:55:00.000Z,1,
case_27,T4,2026-02-09T17:56:00.000Z,,1
case_27,T2,2026-02-09T17:57:00.000Z,2,
case_27,T4,2026-02-09T17:58:00.000Z,,2
case_27,T2,2026-02-09T17:59:00.000Z,3,
case_27,T4,2026-02-09T18:00:00.000Z,,3
case_27,T2,2026-02-09T18:01:00.000Z,4,
case_27,T4,2026-02-09T18:02:00.000Z,,4
case_27,T2,2026-02-09T18:03:00.000Z,5,
case_27,T4,2026-02-09T18:04:00.000Z,,5
case_27,T2,2026-02-09T18:05:00.000Z,6,
case_27,T3,2026-02-09T18:06:00.000Z,,
case_28,T1,2026-02-09T18:08:00.000Z,0,0
case_28,T2,2026-02-09T18:09:00.000Z,1,
case_28,T4,2026-02-09T18:10:00.000Z,,1
case_28,T2,2026-02-09T18:11:00.000Z,2,
case_28,T4,2026-02-09T18:12:00.000Z,,2
case_28,T2,2026-02-09T18:13:00.000Z,3,
case_28,T4,2026-02-09T18:14:00.000Z,,3
case_28,T2,2026-02-09T18:15:00.000Z,4,
case_28,T4,2026-02-09T18:16:00.000Z,,4
case_28,T2,2026-02-09T18:17:00.000Z,5,
case_28,T4,2026-02-09T18:18:00.000Z,,5
case_28,T2,2026-02-09T18:19:00.000Z,6,
case_28,T3,2026-02-09T18:20:00.000Z,,
case_29,T1,2026-02-09T18:22:00.000Z,0,0
case_29,T2,2026-02-09T18:23:00.000Z,1,
case_29,T4,2026-02-09T18:24:00.000Z,,1
case_29,T2,2026-02-09T18:25:00.000Z,2,
case_29,T4,2026-02-09T18:26:00.000Z,,2
case_29,T2,2026-02-09T18:27:00.000Z,3,
case_29,T4,2026-02-09T18:28:00.000Z,,3
case_29,T2,2026-02-09T18:29:00.000Z,4,
case_29,T4,2026-02-09T18:30:00.000Z,,4
case_29,T2,2026-02-09T18:31:00.000Z,5,
case_29,T4,2026-02-09T18:32:00.000Z,,5
case_29,T2,2026-02-09T18:33:00.000Z,6,
case_29,T4,2026-02-09T18:34:00.000Z,,6
case_29,T2,2026-02-09T18:35:00.000Z,7,
case_29,T4,2026-02-09T18:36:00.000Z,,7
case_29,T2,2026-02-09T18:37:00.000Z,8,
case_29,T3,2026-02-09T18:38:00.000Z,,
case_30,T1,2026-02-09T18:40:00.000Z,0,0
case_30,T2,2026-02-09T18:41:00.000Z,1,
case_30,T4,2026-02-09T18:42:00.000Z,,1
case_30,T2,2026-02-09T18:43:00.000Z,2,
case_30,T4,2026-02-09T18:44:00.000Z,,2
case_30,T2,2026-02-09T18:45:00.000Z,3,
case_30,T4,2026-02-09T18:46:00.000Z,,3
case_30,T2,2026-02-09T18:47:00.000Z,4,
case_30,T4,2026-02-09T18:48:00.000Z,,4
case_30,T2,2026-02-09T18:49:00.000Z,5,
case_30,T4,2026-02-09T18:50:00.000Z,,5
case_30,T2,2026-02-09T18:51:00.000Z,6,
case_30,T4,2026-02-09T18:52:00.000Z,,6
case_30,T2,2026-02-09T18:53:00.000Z,7,
case_30,T3,2026-02-09T18:54:00.000Z,,
case_31,T1,2026-02-09T18:56:00.000Z,0,0
case_31,T2,2026-02-09T18:57:00.000Z,1,
case_31,T4,2026-02-09T18:58:00.000Z,,1
case_31,T2,2026-02-09T18:59:00.000Z,2,
case_31,T4,2026-02-09T19:00:00.000Z,,2
case_31,T2,2026-02-09T19:01:00.000Z,3,
case_31,T4,2026-02-09T19:02:00.000Z,,3
case_31,T2,2026-02-09T19:03:00.000Z,4,
case_31,T4,2026-02-09T19:04:00.000Z,,4
case_31,T2,2026-02-09T19:05:00.000Z,5,
case_31,T4,2026-02-09T19:06:00.000Z,,5
case_31,T2,2026-02-09T19:07:00.000Z,6,
case_31,T3,2026-02-09T19:08:00.000Z,,
case_32,T1,2026-02-09T19:10:00.000Z,0,0
case_32,T2,2026-02-09T19:11:00.000Z,1,
case_32,T4,2026-02-09T19:12:00.000Z,,1
case_32,T2,2026-02-09T19:13:00.000Z,2,
case_32,T4,2026-02-09T19:14:00.000Z,,2
case_32,T2,2026-02-09T19:15:00.000Z,3,
case_32,T4,2026-02-09T19:16:00.000Z,,3
case_32,T2,2026-02-09T19:17:00.000Z,4,
case_32,T4,2026-02-09T19:18:00.000Z,,4
case_32,T2,2026-02-09T19:19:00.000Z,5,
case_32,T4,2026-02-09T19:20:00.000Z,,5
case_32,T2,2026-02-09T19:21:00.000Z,6,
case_32,T4,2026-02-09T19:22:00.000Z,,6
case_32,T2,2026-02-09T19:23:00.000Z,7,
case_32,T3,2026-02-09T19:24:00.000Z,,
case_33,T1,2026-02-09T19:26:00.000Z,0,0
case_33,T2,2026-02-09T19:27:00.000Z,1,
case_33,T4,2026-02-09T19:28:00.000Z,,1
case_33,T2,2026-02-09T19:29:00.000Z,2,
case_33,T4,2026-02-09T19:30:00.000Z,,2
case_33,T2,2026-02-09T19:31:00.000Z,3,
case_33,T4,2026-02-09T19:32:00.000Z,,3
case_33,T2,2026-02-09T19:33:00.000Z,4,
case_33,T4,2026-02-09T19:34:00.000Z,,4
case_33,T2,2026-02-09T19:35:00.000Z,5,
case_33,T4,2026-02-09T19:36:00.000Z,,5
case_33,T2,2026-02-09T19:37:00.000Z,6,
case_33,T4,2026-02-09T19:38:00.000Z,,6
case_33,T2,2026-02-09T19:39:00.000Z,7,
case_33,T3,2026-02-09T19:40:00.000Z,,
case_34,T1,2026-02-09T19:42:00.000Z,0,0
case_34,T2,2026-02-09T19:43:00.000Z,1,
case_34,T4,2026-02-09T19:44:00.000Z,,1
case_34,T2,2026-02-09T19:45:00.000Z,2,
case_34,T4,2026-02-09T19:46:00.000Z,,2
case_34,T2,2026-02-09T19:47:00.000Z,3,
case_34,T4,2026-02-09T19:48:00.000Z,,3
case_34,T2,2026-02-09T19:49:00.000Z,4,
case_34,T4,2026-02-09T19:50:00.000Z,,4
case_34,T2,2026-02-09T19:51:00.000Z,5,
case_34,T4,2026-02-09T19:52:00.000Z,,5
case_34,T2,2026-02-09T19:53:00.000Z,6,
case_34,T4,2026-02-09T19:54:00.000Z,,6
case_34,T2,2026-02-09T19:55:00.000Z,7,
case_34,T4,2026-02-09T19:56:00.000Z,,7
case_34,T2,2026-02-09T19:57:00.000Z,8,
case_34,T3,2026-02-09T19:58:00.000Z,,
case_35,T1,2026-02-09T20:00:00.000Z,0,0
case_35,T2,2026-02-09T20:01:00.000Z,1,
case_35,T4,2026-02-09T20:02:00.000Z,,1
case_35,T2,2026-02-09T20:03:00.000Z,2,
case_35,T4,2026-02-09T20:04:00.000Z,,2
case_35,T2,2026-02-09T20:05:00.000Z,3,
case_35,T4,2026-02-09T20:06:00.000Z,,3
case_35,T2,2026-02-09T20:07:00.000Z,4,
case_35,T4,2026-02-09T20:08:00.000Z,,4
case_35,T2,2026-02-09T20:09:00.000Z,5,
case_35,T4,2026-02-09T20:10:00.000Z,,5
case_35,T2,2026-02-09T20:11:00.000Z,6,
case_35,T4,2026-02-09T20:12:00.000Z,,6
case_35,T2,2026-02-09T20:13:00.000Z,7,
case_35,T4,2026-02-09T20:14:00.000Z,,7
case_35,T2,2026-02-09T20:15:00.000Z,8,
case_35,T4,2026-02-09T20:16:00.000Z,,8
case_35,T2,2026-02-09T20:17:00.000Z,9,
case_35,T4,2026-02-09T20:18:00.000Z,,9
case_35,T2,2026-02-09T20:19:00.000Z,10,
case_35,T4,2026-02-09T20:20:00.000Z,,10
case_35,T2,2026-02-09T20:21:00.000Z,11,
case_35,T3,2026-02-09T20:22:00.000Z,,
case_36,T1,2026-02-09T20:24:00.000Z,0,0
case_36,T2,2026-02-09T20:25:00.000Z,1,
case_36,T4,2026-02-09T20:26:00.000Z,,1
case_36,T2,2026-02-09T20:27:00.000Z,2,
case_36,T4,2026-02-09T20:28:00.000Z,,2
case_36,T2,2026-02-09T20:29:00.000Z,3,
case_36,T4,2026-02-09T20:30:00.000Z,,3
case_36,T2,2026-02-09T20:31:00.000Z,4,
case_36,T4,2026-02-09T20:32:00.000Z,,4
case_36,T2,2026-02-09T20:33:00.000Z,5,
case_36,T4,2026-02-09T20:34:00.000Z,,5
case_36,T2,2026-02-09T20:35:00.000Z,6,
case_36,T3,2026-02-09T20:36:00.000Z,,
case_37,T1,2026-02-09T20:38:00.000Z,0,0
case_37,T2,2026-02-09T20:39:00.000Z,1,
case_37,T4,2026-02-09T20:40:00.000Z,,1
case_37,T2,2026-02-09T20:41:00.000Z,2,
case_37,T4,2026-02-09T20:42:00.000Z,,2
case_37,T2,2026-02-09T20:43:00.000Z,3,
case_37,T4,2026-02-09T20:44:00.000Z,,3
case_37,T2,2026-02-09T20:45:00.000Z,4,
case_37,T4,2026-02-09T20:46:00.000Z,,4
case_37,T2,2026-02-09T20:47:00.000Z,5,
case_37,T4,2026-02-09T20:48:00.000Z,,5
case_37,T2,2026-02-09T20:49:00.000Z,6,
case_37,T3,2026-02-09T20:50:00.000Z,,
case_38,T1,2026-02-09T20:52:00.000Z,0,0
case_38,T2,2026-02-09T20:53:00.000Z,1,
case_38,T4,2026-02-09T20:54:00.000Z,,1
case_38,T2,2026-02-09T20:55:00.000Z,2,
case_38,T4,2026-02-09T20:56:00.000Z,,2
case_38,T2,2026-02-09T20:57:00.000Z,3,
case_38,T4,2026-02-09T20:58:00.000Z,,3
case_38,T2,2026-02-09T20:59:00.000Z,4,
case_38,T4,2026-02-09T21:00:00.000Z,,4
case_38,T2,2026-02-09T21:01:00.000Z,5,
case_38,T4,2026-02-09T21:02:00.000Z,,5
case_38,T2,2026-02-09T21:03:00.000Z,6,
case_38,T4,2026-02-09T21:04:00.000Z,,6
case_38,T2,2026-02-09T21:05:00.000Z,7,
case_38,T4,2026-02-09T21:06:00.000Z,,7
case_38,T2,2026-02-09T21:07:00.000Z,8,
case_38,T4,2026-02-09T21:08:00.000Z,,8
case_38,T2,2026-02-09T21:09:00.000Z,9,
case_38,T3,2026-02-09T21:10:00.000Z,,
case_39,T1,2026-02-09T21:12:00.000Z,0,0
case_39,T2,2026-02-09T21:13:00.000Z,1,
case_39,T4,2026-02-09T21:14:00.000Z,,1
case_39,T2,2026-02-09T21:15:00.000Z,2,
case_39,T4,2026-02-09T21:16:00.000Z,,2
case_39,T2,2026-02-09T21:17:00.000Z,3,
case_39,T4,2026-02-09T21:18:00.000Z,,3
case_39,T2,2026-02-09T21:19:00.000Z,4,
case_39,T4,2026-02-09T21:20:00.000Z,,4
case_39,T2,2026-02-09T21:21:00.000Z,5,
case_39,T4,2026-02-09T21:22:00.000Z,,5
case_39,T2,2026-02-09T21:23:00.000Z,6,
case_39,T4,2026-02-09T21:24:00.000Z,,6
case_39,T2,2026-02-09T21:25:00.000Z,7,
case_39,T4,2026-02-09T21:26:00.000Z,,7
case_39,T2,2026-02-09T21:27:00.000Z,8,
case_39,T3,2026-02-09T21:28:00.000Z,,
case_40,T1,2026-02-09T21:30:00.000Z,0,0
case_40,T2,2026-02-09T21:31:00.000Z,1,
case_40,T4,2026-02-09T21:32:00.000Z,,1
case_40,T2,2026-02-09T21:33:00.000Z,2,
case_40,T4,2026-02-09T21:34:00.000Z,,2
case_40,T2,2026-02-09T21:35:00.000Z,3,
case_40,T4,2026-02-09T21:36:00.000Z,,3
case_40,T2,2026-02-09T21:37:00.000Z,4,
case_40,T4,2026-02-09T21:38:00.000Z,,4
case_40,T2,2026-02-09T21:39:00.000Z,5,
case_40,T4,2026-02-09T21:40:00.000Z,,5
case_40,T2,2026-02-09T21:41:00.000Z,6,
case_40,T4,2026-02-09T21:42:00.000Z,,6
case_40,T2,2026-02-09T21:43:00.000Z,7,
case_40,T3,2026-02-09T21:44:00.000Z,,
case_41,T1,2026-02-09T21:46:00.000Z,0,0
case_41,T2,2026-02-09T21:47:00.000Z,1,
case_41,T4,2026-02-09T21:48:00.000Z,,1
case_41,T2,2026-02-09T21:49:00.000Z,2,
case_41,T4,2026-02-09T21:50:00.000Z,,2
case_41,T2,2026-02-09T21:51:00.000Z,3,
case_41,T4,2026-02-09T21:52:00.000Z,,3
case_41,T2,2026-02-09T21:53:00.000Z,4,
case_41,T4,2026-02-09T21:54:00.000Z,,4
case_41,T2,2026-02-09T21:55:00.000Z,5,
case_41,T4,2026-02-09T21:56:00.000Z,,5
case_41,T2,2026-02-09T21:57:00.000Z,6,
case_41,T4,2026-02-09T21:58:00.000Z,,6
case_41,T2,2026-02-09T21:59:00.000Z,7,
case_41,T4,2026-02-09T22:00:00.000Z,,7
case_41,T2,2026-02-09T22:01:00.000Z,8,
case_41,T3,2026-02-09T22:02:00.000Z,,
case_42,T1,2026-02-09T22:04:00.000Z,0,0
case_42,T2,2026-02-09T22:05:00.000Z,1,
case_42,T4,2026-02-09T22:06:00.000Z,,1
case_42,T2,2026-02-09T22:07:00.000Z,2,
case_42,T4,2026-02-09T22:08:00.000Z,,2
case_42,T2,2026-02-09T22:09:00.000Z,3,
case_42,T4,2026-02-09T22:10:00.000Z,,3
case_42,T2,2026-02-09T22:11:00.000Z,4,
case_42,T4,2026-02-09T22:12:00.000Z,,4
case_42,T2,2026-02-09T22:13:00.000Z,5,
case_42,T4,2026-02-09T22:14:00.000Z,,5
case_42,T2,2026-02-09T22:15:00.000Z,6,
case_42,T3,2026-02-09T22:16:00.000Z,,
case_43,T1,2026-02-09T22:18:00.000Z,0,0
case_43,T2,2026-02-09T22:19:00.000Z,1,
case_43,T4,2026-02-09T22:20:00.000Z,,1
case_43,T2,2026-02-09T22:21:00.000Z,2,
case_43,T4,2026-02-09T22:22:00.000Z,,2
case_43,T2,2026-02-09T22:23:00.000Z,3,
case_43,T4,2026-02-09T22:24:00.000Z,,3
case_43,T2,2026-02-09T22:25:00.000Z,4,
case_43,T4,2026-02-09T22:26:00.000Z,,4
case_43,T2,2026-02-09T22:27:00.000Z,5,
case_43,T4,2026-02-09T22:28:00.000Z,,5
case_43,T2,2026-02-09T22:29:00.000Z,6,
case_43,T4,2026-02-09T22:30:00.000Z,,6
case_43,T2,2026-02-09T22:31:00.000Z,7,
case_43,T4,2026-02-09T22:32:00.000Z,,7
case_43,T2,2026-02-09T22:33:00.000Z,8,
case_43,T4,2026-02-09T22:34:00.000Z,,8
case_43,T2,2026-02-09T22:35:00.000Z,9,
case_43,T3,2026-02-09T22:36:00.000Z,,
case_44,T1,2026-02-09T22:38:00.000Z,0,0
case_44,T2,2026-02-09T22:39:00.000Z,1,
case_44,T4,2026-02-09T22:40:00.000Z,,1
case_44,T2,2026-02-09T22:41:00.000Z,2,
case_44,T4,2026-02-09T22:42:00.000Z,,2
case_44,T2,2026-02-09T22:43:00.000Z,3,
case_44,T4,2026-02-09T22:44:00.000Z,,3
case_44,T2,2026-02-09T22:45:00.000Z,4,
case_44,T4,2026-02-09T22:46:00.000Z,,4
case_44,T2,2026-02-09T22:47:00.000Z,5,
case_44,T4,2026-02-09T22:48:00.000Z,,5
case_44,T2,2026-02-09T22:49:00.000Z,6,
case_44,T4,2026-02-09T22:50:00.000Z,,6
case_44,T2,2026-02-09T22:51:00.000Z,7,
case_44,T3,2026-02-09T22:52:00.000Z,,
case_45,T1,2026-02-09T22:54:00.000Z,0,0
case_45,T2,2026-02-09T22:55:00.000Z,1,
case_45,T4,2026-02-09T22:56:00.000Z,,1
case_45,T2,2026-02-09T22:57:00.000Z,2,
case_45,T4,2026-02-09T22:58:00.000Z,,2
case_45,T2,2026-02-09T22:59:00.000Z,3,
case_45,T4,2026-02-09T23:00:00.000Z,,3
case_45,T2,2026-02-09T23:01:00.000Z,4,
case_45,T4,2026-02-09T23:02:00.000Z,,4
case_45,T2,2026-02-09T23:03:00.000Z,5,
case_45,T4,2026-02-09T23:04:00.000Z,,5
case_45,T2,2026-02-09T23:05:00.000Z,6,
case_45,T3,2026-02-09T23:06:00.000Z,,
case_46,T1,2026-02-09T23:08:00.000Z,0,0
case_46,T2,2026-02-09T23:09:00.000Z,1,
case_46,T4,2026-02-09T23:10:00.000Z,,1
case_46,T2,2026-02-09T23:11:00.000Z,2,
case_46,T4,2026-02-09T23:12:00.000Z,,2
case_46,T2,2026-02-09T23:13:00.000Z,3,
case_46,T4,2026-02-09T23:14:00.000Z,,3
case_46,T2,2026-02-09T23:15:00.000Z,4,
case_46,T4,2026-02-09T23:16:00.000Z,,4
case_46,T2,2026-02-09T23:17:00.000Z,5,
case_46,T4,2026-02-09T23:18:00.000Z,,5
case_46,T2,2026-02-09T23:19:00.000Z,6,
case_46,T4,2026-02-09T23:20:00.000Z,,6
case_46,T2,2026-02-09T23:21:00.000Z,7,
case_46,T4,2026-02-09T23:22:00.000Z,,7
case_46,T2,2026-02-09T23:23:00.000Z,8,
case_46,T4,2026-02-09T23:24:00.000Z,,8
case_46,T2,2026-02-09T23:25:00.000Z,9,
case_46,T4,2026-02-09T23:26:00.000Z,,9
case_46,T2,2026-02-09T23:27:00.000Z,10,
case_46,T4,2026-02-09T23:28:00.000Z,,10
case_46,T2,2026-02-09T23:29:00.000Z,11,
case_46,T4,2026-02-09T23:30:00.000Z,,11
case_46,T2,2026-02-09T23:31:00.000Z,12,
case_46,T4,2026-02-09T23:32:00.000Z,,12
case_46,T2,2026-02-09T23:33:00.000Z,13,
case_46,T4,2026-02-09T23:34:00.000Z,,13
case_46,T2,2026-02-09T23:35:00.000Z,14,
case_46,T3,2026-02-09T23:36:00.000Z,,
case_47,T1,2026-02-09T23:38:00.000Z,0,0
case_47,T2,2026-02-09T23:39:00.000Z,1,
case_47,T4,2026-02-09T23:40:00.000Z,,1
case_47,T2,2026-02-09T23:41:00.000Z,2,
case_47,T4,2026-02-09T23:42:00.000Z,,2
case_47,T2,2026-02-09T23:43:00.000Z,3,
case_47,T4,2026-02-09T23:44:00.000Z,,3
case_47,T2,2026-02-09T23:45:00.000Z,4,
case_47,T4,2026-02-09T23:46:00.000Z,,4
case_47,T2,2026-02-09T23:47:00.000Z,5,
case_47,T4,2026-02-09T23:48:00.000Z,,5
case_47,T2,2026-02-09T23:49:00.000Z,6,
case_47,T4,2026-02-09T23:50:00.000Z,,6
case_47,T2,2026-02-09T23:51:00.000Z,7,
case_47,T4,2026-02-09T23:52:00.000Z,,7
case_47,T2,2026-02-09T23:53:00.000Z,8,
case_47,T3,2026-02-09T23:54:00.000Z,,
case_48,T1,2026-02-09T23:56:00.000Z,0,0
case_48,T2,2026-02-09T23:57:00.000Z,1,
case_48,T4,2026-02-09T23:58:00.000Z,,1
case_48,T2,2026-02-09T23:59:00.000Z,2,
case_48,T4,2026-02-10T00:00:00.000Z,,2
case_48,T2,2026-02-10T00:01:00.000Z,3,
case_48,T4,2026-02-10T00:02:00.000Z,,3
case_48,T2,2026-02-10T00:03:00.000Z,4,
case_48,T4,2026-02-10T00:04:00.000Z,,4
case_48,T2,2026-02-10T00:05:00.000Z,5,
case_48,T4,2026-02-10T00:06:00.000Z,,5
case_48,T2,2026-02-10T00:07:00.000Z,6,
case_48,T4,2026-02-10T00:08:00.000Z,,6
case_48,T2,2026-02-10T00:09:00.000Z,7,
case_48,T3,2026-02-10T00:10:00.000Z,,
case_49,T1,2026-02-10T00:12:00.000Z,0,0
case_49,T2,2026-02-10T00:13:00.000Z,1,
case_49,T4,2026-02-10T00:14:00.000Z,,1
case_49,T2,2026-02-10T00:15:00.000Z,2,
case_49,T4,2026-02-10T00:16:00.000Z,,2
case_49,T2,2026-02-10T00:17:00.000Z,3,
case_49,T4,2026-02-10T00:18:00.000Z,,3
case_49,T2,2026-02-10T00:19:00.000Z,4,
case_49,T4,2026-02-10T00:20:00.000Z,,4
case_49,T2,2026-02-10T00:21:00.000Z,5,
case_49,T4,2026-02-10T00:22:00.000Z,,5
case_49,T2,2026-02-10T00:23:00.000Z,6,
case_49,T3,2026-02-10T00:24:00.000Z,,
case_50,T1,2026-02-10T00:26:00.000Z,0,0
case_50,T2,2026-02-10T00:27:00.000Z,1,
case_50,T4,2026-02-10T00:28:00.000Z,,1
case_50,T2,2026-02-10T00:29:00.000Z,2,
case_50,T4,2026-02-10T00:30:00.000Z,,2
case_50,T2,2026-02-10T00:31:00.000Z,3,
case_50,T4,2026-02-10T00:32:00.000Z,,3
case_50,T2,2026-02-10T00:33:00.000Z,4,
case_50,T4,2026-02-10T00:34:00.000Z,,4
case_50,T2,2026-02-10T00:35:00.000Z,5,
case_50,T4,2026-02-10T00:36:00.000Z,,5
case_50,T2,2026-02-10T00:37:00.000Z,6,
case_50,T3,2026-02-10T00:38:00.000Z,,
case_51,T1,2026-02-10T00:40:00.000Z,0,0
case_51,T2,2026-02-10T00:41:00.000Z,1,
case_51,T4,2026-02-10T00:42:00.000Z,,1
case_51,T2,2026-02-10T00:43:00.000Z,2,
case_51,T4,2026-02-10T00:44:00.000Z,,2
case_51,T2,2026-02-10T00:45:00.000Z,3,
case_51,T4,2026-02-10T00:46:00.000Z,,3
case_51,T2,2026-02-10T00:47:00.000Z,4,
case_51,T4,2026-02-10T00:48:00.000Z,,4
case_51,T2,2026-02-10T00:49:00.000Z,5,
case_51,T4,2026-02-10T00:50:00.000Z,,5
case_51,T2,2026-02-10T00:51:00.000Z,6,
case_51,T3,2026-02-10T00:52:00.000Z,,
case_52,T1,2026-02-10T00:54:00.000Z,0,0
case_52,T2,2026-02-10T00:55:00.000Z,1,
case_52,T4,2026-02-10T00:56:00.000Z,,1
case_52,T2,2026-02-10T00:57:00.000Z,2,
case_52,T4,2026-02-10T00:58:00.000Z,,2
case_52,T2,2026-02-10T00:59:00.000Z,3,
case_52,T4,2026-02-10T01:00:00.000Z,,3
case_52,T2,2026-02-10T01:01:00.000Z,4,
case_52,T4,2026-02-10T01:02:00.000Z,,4
case_52,T2,2026-02-10T01:03:00.000Z,5,
case_52,T4,2026-02-10T01:04:00.000Z,,5
case_52,T2,2026-02-10T01:05:00.000Z,6,
case_52,T4,2026-02-10T01:06:00.000Z,,6
case_52,T2,2026-02-10T01:07:00.000Z,7,
case_52,T4,2026-02-10T01:08:00.000Z,,7
case_52,T2,2026-02-10T01:09:00.000Z,8,
case_52,T3,2026-02-10T01:10:00.000Z,,
case_53,T1,2026-02-10T01:12:00.000Z,0,0
case_53,T2,2026-02-10T01:13:00.000Z,1,
case_53,T4,2026-02-10T01:14:00.000Z,,1
case_53,T2,2026-02-10T01:15:00.000Z,2,
case_53,T4,2026-02-10T01:16:00.000Z,,2
case_53,T2,2026-02-10T01:17:00.000Z,3,
case_53,T4,2026-02-10T01:18:00.000Z,,3
case_53,T2,2026-02-10T01:19:00.000Z,4,
case_53,T4,2026-02-10T01:20:00.000Z,,4
case_53,T2,2026-02-10T01:21:00.000Z,5,
case_53,T4,2026-02-10T01:22:00.000Z,,5
case_53,T2,2026-02-10T01:23:00.000Z,6,
case_53,T4,2026-02-10T01:24:00.000Z,,6
case_53,T2,2026-02-10T01:25:00.000Z,7,
case_53,T3,2026-02-10T01:26:00.000Z,,
case_54,T1,2026-02-10T01:28:00.000Z,0,0
case_54,T2,2026-02-10T01:29:00.000Z,1,
case_54,T4,2026-02-10T01:30:00.000Z,,1
case_54,T2,2026-02-10T01:31:00.000Z,2,
case_54,T4,2026-02-10T01:32:00.000Z,,2
case_54,T2,2026-02-10T01:33:00.000Z,3,
case_54,T4,2026-02-10T01:34:00.000Z,,3
case_54,T2,2026-02-10T01:35:00.000Z,4,
case_54,T4,2026-02-10T01:36:00.000Z,,4
case_54,T2,2026-02-10T01:37:00.000Z,5,
case_54,T4,2026-02-10T01:38:00.000Z,,5
case_54,T2,2026-02-10T01:39:00.000Z,6,
case_54,T3,2026-02-10T01:40:00.000Z,,
case_55,T1,2026-02-10T01:42:00.000Z,0,0
case_55,T2,2026-02-10T01:43:00.000Z,1,
case_55,T4,2026-02-10T01:44:00.000Z,,1
case_55,T2,2026-02-10T01:45:00.000Z,2,
case_55,T4,2026-02-10T01:46:00.000Z,,2
case_55,T2,2026-02-10T01:47:00.000Z,3,
case_55,T4,2026-02-10T01:48:00.000Z,,3
case_55,T2,2026-02-10T01:49:00.000Z,4,
case_55,T4,2026-02-10T01:50:00.000Z,,4
case_55,T2,2026-02-10T01:51:00.000Z,5,
case_55,T4,2026-02-10T01:52:00.000Z,,5
case_55,T2,2026-02-10T01:53:00.000Z,6,
case_55,T4,2026-02-10T01:54:00.000Z,,6
case_55,T2,2026-02-10T01:55:00.000Z,7,
case_55,T3,2026-02-10T01:56:00.000Z,,
case_56,T1,2026-02-10T01:58:00.000Z,0,0
case_56,T2,2026-02-10T01:59:00.000Z,1,
case_56,T4,2026-02-10T02:00:00.000Z,,1
case_56,T2,2026-02-10T02:01:00.000Z,2,
case_56,T4,2026-02-10T02:02:00.000Z,,2
case_56,T2,2026-02-10T02:03:00.000Z,3,
case_56,T4,2026-02-10T02:04:00.000Z,,3
case_56,T2,2026-02-10T02:05:00.000Z,4,
case_56,T4,2026-02-10T02:06:00.000Z,,4
case_56,T2,2026-02-10T02:07:00.000Z,5,
case_56,T4,2026-02-10T02:08:00.000Z,,5
case_56,T2,2026-02-10T02:09:00.000Z,6,
case_56,T3,2026-02-10T02:10:00.000Z,,
case_57,T1,2026-02-10T02:12:00.000Z,0,0
case_57,T2,2026-02-10T02:13:00.000Z,1,
case_57,T4,2026-02-10T02:14:00.000Z,,1
case_57,T2,2026-02-10T02:15:00.000Z,2,
case_57,T4,2026-02-10T02:16:00.000Z,,2
case_57,T2,2026-02-10T02:17:00.000Z,3,
case_57,T4,2026-02-10T02:18:00.000Z,,3
case_57,T2,2026-02-10T02:19:00.000Z,4,
case_57,T4,2026-02-10T02:20:00.000Z,,4
case_57,T2,2026-02-10T02:21:00.000Z,5,
case_57,T4,2026-02-10T02:22:00.000Z,,5
case_57,T2,2026-02-10T02:23:00.000Z,6,
case_57,T3,2026-02-10T02:24:00.000Z,,
case_58,T1,2026-02-10T02:26:00.000Z,0,0
case_58,T2,2026-02-10T02:27:00.000Z,1,
case_58,T4,2026-02-10T02:28:00.000Z,,1
case_58,T2,2026-02-10T02:29:00.000Z,2,
case_58,T4,2026-02-10T02:30:00.000Z,,2
case_58,T2,2026-02-10T02:31:00.000Z,3,
case_58,T4,2026-02-10T02:32:00.000Z,,3
case_58,T2,2026-02-10T02:33:00.000Z,4,
case_58,T4,2026-02-10T02:34:00.000Z,,4
case_58,T2,2026-02-10T02:35:00.000Z,5,
case_58,T4,2026-02-10T02:36:00.000Z,,5
case_58,T2,2026-02-10T02:37:00.000Z,6,
case_58,T4,2026-02-10T02:38:00.000Z,,6
case_58,T2,2026-02-10T02:39:00.000Z,7,
case_58,T4,2026-02-10T02:40:00.000Z,,7
case_58,T2,2026-02-10T02:41:00.000Z,8,
case_58,T3,2026-02-10T02:42:00.000Z,,
case_59,T1,2026-02-10T02:44:00.000Z,0,0
case_59,T2,2026-02-10T02:45:00.000Z,1,
case_59,T4,2026-02-10T02:46:00.000Z,,1
case_59,T2,2026-02-10T02:47:00.000Z,2,
case_59,T4,2026-02-10T02:48:00.000Z,,2
case_59,T2,2026-02-10T02:49:00.000Z,3,
case_59,T4,2026-02-10T02:50:00.000Z,,3
case_59,T2,2026-02-10T02:51:00.000Z,4,
case_59,T4,2026-02-10T02:52:00.000Z,,4
case_59,T2,2026-02-10T02:53:00.000Z,5,
case_59,T4,2026-02-10T02:54:00.000Z,,5
case_59,T2,2026-02-10T02:55:00.000Z,6,
case_59,T3,2026-02-10T02:56:00.000Z,,
case_60,T1,2026-02-10T02:58:00.000Z,0,0
case_60,T2,2026-02-10T02:59:00.000Z,1,
case_60,T4,2026-02-10T03:00:00.000Z,,1
case_60,T2,2026-02-10T03:01:00.000Z,2,
case_60,T4,2026-02-10T03:02:00.000Z,,2
case_60,T2,2026-02-10T03:03:00.000Z,3,
case_60,T4,2026-02-10T03:04:00.000Z,,3
case_60,T2,2026-02-10T03:05:00.000Z,4,
case_60,T4,2026-02-10T03:06:00.000Z,,4
case_60,T2,2026-02-10T03:07:00.000Z,5,
case_60,T4,2026-02-10T03:08:00.000Z,,5
case_60,T2,2026-02-10T03:09:00.000Z,6,
case_60,T3,2026-02-10T03:10:00.000Z,,
case_61,T1,2026-02-10T03:12:00.000Z,0,0
case_61,T2,2026-02-10T03:13:00.000Z,1,
case_61,T4,2026-02-10T03:14:00.000Z,,1
case_61,T2,2026-02-10T03:15:00.000Z,2,
case_61,T4,2026-02-10T03:16:00.000Z,,2
case_61,T2,2026-02-10T03:17:00.000Z,3,
case_61,T4,2026-02-10T03:18:00.000Z,,3
case_61,T2,2026-02-10T03:19:00.000Z,4,
case_61,T4,2026-02-10T03:20:00.000Z,,4
case_61,T2,2026-02-10T03:21:00.000Z,5,
case_61,T4,2026-02-10T03:22:00.000Z,,5
case_61,T2,2026-02-10T03:23:00.000Z,6,
case_61,T3,2026-02-10T03:24:00.000Z,,
case_62,T1,2026-02-10T03:26:00.000Z,0,0
case_62,T2,2026-02-10T03:27:00.000Z,1,
case_62,T4,2026-02-10T03:28:00.000Z,,1
case_62,T2,2026-02-10T03:29:00.000Z,2,
case_62,T4,2026-02-10T03:30:00.000Z,,2
case_62,T2,2026-02-10T03:31:00.000Z,3,
case_62,T4,2026-02-10T03:32:00.000Z,,3
case_62,T2,2026-02-10T03:33:00.000Z,4,
case_62,T4,2026-02-10T03:34:00.000Z,,4
case_62,T2,2026-02-10T03:35:00.000Z,5,
case_62,T4,2026-02-10T03:36:00.000Z,,5
case_62,T2,2026-02-10T03:37:00.000Z,6,
case_62,T4,2026-02-10T03:38:00.000Z,,6
case_62,T2,2026-02-10T03:39:00.000Z,7,
case_62,T3,2026-02-10T03:40:00.000Z,,
case_63,T1,2026-02-10T03:42:00.000Z,0,0
case_63,T2,2026-02-10T03:43:00.000Z,1,
case_63,T4,2026-02-10T03:44:00.000Z,,1
case_63,T2,2026-02-10T03:45:00.000Z,2,
case_63,T4,2026-02-10T03:46:00.000Z,,2
case_63,T2,2026-02-10T03:47:00.000Z,3,
case_63,T4,2026-02-10T03:48:00.000Z,,3
case_63,T2,2026-02-10T03:49:00.000Z,4,
case_63,T4,2026-02-10T03:50:00.000Z,,4
case_63,T2,2026-02-10T03:51:00.000Z,5,
case_63,T4,2026-02-10T03:52:00.000Z,,5
case_63,T2,2026-02-10T03:53:00.000Z,6,
case_63,T3,2026-02-10T03:54:00.000Z,,
case_64,T1,2026-02-10T03:56:00.000Z,0,0
case_64,T2,2026-02-10T03:57:00.000Z,1,
case_64,T4,2026-02-10T03:58:00.000Z,,1
case_64,T2,2026-02-10T03:59:00.000Z,2,
case_64,T4,2026-02-10T04:00:00.000Z,,2
case_64,T2,2026-02-10T04:01:00.000Z,3,
case_64,T4,2026-02-10T04:02:00.000Z,,3
case_64,T2,2026-02-10T04:03:00.000Z,4,
case_64,T4,2026-02-10T04:04:00.000Z,,4
case_64,T2,2026-02-10T04:05:00.000Z,5,
case_64,T4,2026-02-10T04:06:00.000Z,,5
case_64,T2,2026-02-10T04:07:00.000Z,6,
case_64,T4,2026-02-10T04:08:00.000Z,,6
case_64,T2,2026-02-10T04:09:00.000Z,7,
case_64,T3,2026-02-10T04:10:00.000Z,,
case_65,T1,2026-02-10T04:12:00.000Z,0,0
case_65,T2,2026-02-10T04:13:00.000Z,1,
case_65,T4,2026-02-10T04:14:00.000Z,,1
case_65,T2,2026-02-10T04:15:00.000Z,2,
case_65,T4,2026-02-10T04:16:00.000Z,,2
case_65,T2,2026-02-10T04:17:00.000Z,3,
case_65,T4,2026-02-10T04:18:00.000Z,,3
case_65,T2,2026-02-10T04:19:00.000Z,4,
case_65,T4,2026-02-10T04:20:00.000Z,,4
case_65,T2,2026-02-10T04:21:00.000Z,5,
case_65,T4,2026-02-10T04:22:00.000Z,,5
case_65,T2,2026-02-10T04:23:00.000Z,6,
case_65,T4,2026-02-10T04:24:00.000Z,,6
case_65,T2,2026-02-10T04:25:00.000Z,7,
case_65,T3,2026-02-10T04:26:00.000Z,,
case_66,T1,2026-02-10T04:28:00.000Z,0,0
case_66,T2,2026-02-10T04:29:00.000Z,1,
case_66,T4,2026-02-10T04:30:00.000Z,,1
case_66,T2,2026-02-10T04:31:00.000Z,2,
case_66,T4,2026-02-10T04:32:00.000Z,,2
case_66,T2,2026-02-10T04:33:00.000Z,3,
case_66,T4,2026-02-10T04:34:00.000Z,,3
case_66,T2,2026-02-10T04:35:00.000Z,4,
case_66,T4,2026-02-10T04:36:00.000Z,,4
case_66,T2,2026-02-10T04:37:00.000Z,5,
case_66,T4,2026-02-10T04:38:00.000Z,,5
case_66,T2,2026-02-10T04:39:00.000Z,6,
case_66,T3,2026-02-10T04:40:00.000Z,,
case_67,T1,2026-02-10T04:42:00.000Z,0,0
case_67,T2,2026-02-10T04:43:00.000Z,1,
case_67,T4,2026-02-10T04:44:00.000Z,,1
case_67,T2,2026-02-10T04:45:00.000Z,2,
case_67,T4,2026-02-10T04:46:00.000Z,,2
case_67,T2,2026-02-10T04:47:00.000Z,3,
case_67,T4,2026-02-10T04:48:00.000Z,,3
case_67,T2,2026-02-10T04:49:00.000Z,4,
case_67,T4,2026-02-10T04:50:00.000Z,,4
case_67,T2,2026-02-10T04:51:00.000Z,5,
case_67,T4,2026-02-10T04:52:00.000Z,,5
case_67,T2,2026-02-10T04:53:00.000Z,6,
case_67,T3,2026-02-10T04:54:00.000Z,,
case_68,T1,2026-02-10T04:56:00.000Z,0,0
case_68,T2,2026-02-10T04:57:00.000Z,1,
case_68,T4,2026-02-10T04:58:00.000Z,,1
case_68,T2,2026-02-10T04:59:00.000Z,2,
case_68,T4,2026-02-10T05:00:00.000Z,,2
case_68,T2,2026-02-10T05:01:00.000Z,3,
case_68,T4,2026-02-10T05:02:00.000Z,,3
case_68,T2,2026-02-10T05:03:00.000Z,4,
case_68,T4,2026-02-10T05:04:00.000Z,,4
case_68,T2,2026-02-10T05:05:00.000Z,5,
case_68,T4,2026-02-10T05:06:00.000Z,,5
case_68,T2,2026-02-10T05:07:00.000Z,6,
case_68,T4,2026-02-10T05:08:00.000Z,,6
case_68,T2,2026-02-10T05:09:00.000Z,7,
case_68,T4,2026-02-10T05:10:00.000Z,,7
case_68,T2,2026-02-10T05:11:00.000Z,8,
case_68,T3,2026-02-10T05:12:00.000Z,,
case_69,T1,2026-02-10T05:14:00.000Z,0,0
case_69,T2,2026-02-10T05:15:00.000Z,1,
case_69,T4,2026-02-10T05:16:00.000Z,,1
case_69,T2,2026-02-10T05:17:00.000Z,2,
case_69,T4,2026-02-10T05:18:00.000Z,,2
case_69,T2,2026-02-10T05:19:00.000Z,3,
case_69,T4,2026-02-10T05:20:00.000Z,,3
case_69,T2,2026-02-10T05:21:00.000Z,4,
case_69,T4,2026-02-10T05:22:00.000Z,,4
case_69,T2,2026-02-10T05:23:00.000Z,5,
case_69,T4,2026-02-10T05:24:00.000Z,,5
case_69,T2,2026-02-10T05:25:00.000Z,6,
case_69,T4,2026-02-10T05:26:00.000Z,,6
case_69,T2,2026-02-10T05:27:00.000Z,7,
case_69,T4,2026-02-10T05:28:00.000Z,,7
case_69,T2,2026-02-10T05:29:00.000Z,8,
case_69,T4,2026-02-10T05:30:00.000Z,,8
case_69,T2,2026-02-10T05:31:00.000Z,9,
case_69,T4,2026-02-10T05:32:00.000Z,,9
case_69,T2,2026-02-10T05:33:00.000Z,10,
case_69,T4,2026-02-10T05:34:00.000Z,,10
case_69,T2,2026-02-10T05:35:00.000Z,11,
case_69,T3,2026-02-10T05:36:00.000Z,,
case_70,T1,2026-02-10T05:38:00.000Z,0,0
case_70,T2,2026-02-10T05:39:00.000Z,1,
case_70,T4,2026-02-10T05:40:00.000Z,,1
case_70,T2,2026-02-10T05:41:00.000Z,2,
case_70,T4,2026-02-10T05:42:00.000Z,,2
case_70,T2,2026-02-10T05:43:00.000Z,3,
case_70,T4,2026-02-10T05:44:00.000Z,,3
case_70,T2,2026-02-10T05:45:00.000Z,4,
case_70,T4,2026-02-10T05:46:00.000Z,,4
case_70,T2,2026-02-10T05:47:00.000Z,5,
case_70,T4,2026-02-10T05:48:00.000Z,,5
case_70,T2,2026-02-10T05:49:00.000Z,6,
case_70,T3,2026-02-10T05:50:00.000Z,,
case_71,T1,2026-02-10T05:52:00.000Z,0,0
case_71,T2,2026-02-10T05:53:00.000Z,1,
case_71,T4,2026-02-10T05:54:00.000Z,,1
case_71,T2,2026-02-10T05:55:00.000Z,2,
case_71,T4,2026-02-10T05:56:00.000Z,,2
case_71,T2,2026-02-10T05:57:00.000Z,3,
case_71,T4,2026-02-10T05:58:00.000Z,,3
case_71,T2,2026-02-10T05:59:00.000Z,4,
case_71,T4,2026-02-10T06:00:00.000Z,,4
case_71,T2,2026-02-10T06:01:00.000Z,5,
case_71,T4,2026-02-10T06:02:00.000Z,,5
case_71,T2,2026-02-10T06:03:00.000Z,6,
case_71,T4,2026-02-10T06:04:00.000Z,,6
case_71,T2,2026-02-10T06:05:00.000Z,7,
case_71,T3,2026-02-10T06:06:00.000Z,,
case_72,T1,2026-02-10T06:08:00.000Z,0,0
case_72,T2,2026-02-10T06:09:00.000Z,1,
case_72,T4,2026-02-10T06:10:00.000Z,,1
case_72,T2,2026-02-10T06:11:00.000Z,2,
case_72,T4,2026-02-10T06:12:00.000Z,,2
case_72,T2,2026-02-10T06:13:00.000Z,3,
case_72,T4,2026-02-10T06:14:00.000Z,,3
case_72,T2,2026-02-10T06:15:00.000Z,4,
case_72,T4,2026-02-10T06:16:00.000Z,,4
case_72,T2,2026-02-10T06:17:00.000Z,5,
case_72,T4,2026-02-10T06:18:00.000Z,,5
case_72,T2,2026-02-10T06:19:00.000Z,6,
case_72,T3,2026-02-10T06:20:00.000Z,,
case_73,T1,2026-02-10T06:22:00.000Z,0,0
case_73,T2,2026-02-10T06:23:00.000Z,1,
case_73,T4,2026-02-10T06:24:00.000Z,,1
case_73,T2,2026-02-10T06:25:00.000Z,2,
case_73,T4,2026-02-10T06:26:00.000Z,,2
case_73,T2,2026-02-10T06:27:00.000Z,3,
case_73,T4,2026-02-10T06:28:00.000Z,,3
case_73,T2,2026-02-10T06:29:00.000Z,4,
case_73,T4,2026-02-10T06:30:00.000Z,,4
case_73,T2,2026-02-10T06:31:00.000Z,5,
case_73,T4,2026-02-10T06:32:00.000Z,,5
case_73,T2,2026-02-10T06:33:00.000Z,6,
case_73,T4,2026-02-10T06:34:00.000Z,,6
case_73,T2,2026-02-10T06:35:00.000Z,7,
case_73,T3,2026-02-10T06:36:00.000Z,,
case_74,T1,2026-02-10T06:38:00.000Z,0,0
case_74,T2,2026-02-10T06:39:00.000Z,1,
case_74,T4,2026-02-10T06:40:00.000Z,,1
case_74,T2,2026-02-10T06:41:00.000Z,2,
case_74,T4,2026-02-10T06:42:00.000Z,,2
case_74,T2,2026-02-10T06:43:00.000Z,3,
case_74,T4,2026-02-10T06:44:00.000Z,,3
case_74,T2,2026-02-10T06:45:00.000Z,4,
case_74,T4,2026-02-10T06:46:00.000Z,,4
case_74,T2,2026-02-10T06:47:00.000Z,5,
case_74,T4,2026-02-10T06:48:00.000Z,,5
case_74,T2,2026-02-10T06:49:00.000Z,6,
case_74,T4,2026-02-10T06:50:00.000Z,,6
case_74,T2,2026-02-10T06:51:00.000Z,7,
case_74,T3,2026-02-10T06:52:00.000Z,,
case_75,T1,2026-02-10T06:54:00.000Z,0,0
case_75,T2,2026-02-10T06:55:00.000Z,1,
case_75,T4,2026-02-10T06:56:00.000Z,,1
case_75,T2,2026-02-10T06:57:00.000Z,2,
case_75,T4,2026-02-10T06:58:00.000Z,,2
case_75,T2,2026-02-10T06:59:00.000Z,3,
case_75,T4,2026-02-10T07:00:00.000Z,,3
case_75,T2,2026-02-10T07:01:00.000Z,4,
case_75,T4,2026-02-10T07:02:00.000Z,,4
case_75,T2,2026-02-10T07:03:00.000Z,5,
case_75,T4,2026-02-10T07:04:00.000Z,,5
case_75,T2,2026-02-10T07:05:00.000Z,6,
case_75,T3,2026-02-10T07:06:00.000Z,,
case_76,T1,2026-02-10T07:08:00.000Z,0,0
case_76,T2,2026-02-10T07:09:00.000Z,1,
case_76,T4,2026-02-10T07:10:00.000Z,,1
case_76,T2,2026-02-10T07:11:00.000Z,2,
case_76,T4,2026-02-10T07:12:00.000Z,,2
case_76,T2,2026-02-10T07:13:00.000Z,3,
case_76,T4,2026-02-10T07:14:00.000Z,,3
case_76,T2,2026-02-10T07:15:00.000Z,4,
case_76,T4,2026-02-10T07:16:00.000Z,,4
case_76,T2,2026-02-10T07:17:00.000Z,5,
case_76,T4,2026-02-10T07:18:00.000Z,,5
case_76,T2,2026-02-10T07:19:00.000Z,6,
case_76,T3,2026-02-10T07:20:00.000Z,,
case_77,T1,2026-02-10T07:22:00.000Z,0,0
case_77,T2,2026-02-10T07:23:00.000Z,1,
case_77,T4,2026-02-10T07:24:00.000Z,,1
case_77,T2,2026-02-10T07:25:00.000Z,2,
case_77,T4,2026-02-10T07:26:00.000Z,,2
case_77,T2,2026-02-10T07:27:00.000Z,3,
case_77,T4,2026-02-10T07:28:00.000Z,,3
case_77,T2,2026-02-10T07:29:00.000Z,4,
case_77,T4,2026-02-10T07:30:00.000Z,,4
case_77,T2,2026-02-10T07:31:00.000Z,5,
case_77,T4,2026-02-10T07:32:00.000Z,,5
case_77,T2,2026-02-10T07:33:00.000Z,6,
case_77,T4,2026-02-10T07:34:00.000Z,,6
case_77,T2,2026-02-10T07:35:00.000Z,7,
case_77,T3,2026-02-10T07:36:00.000Z,,
case_78,T1,2026-02-10T07:38:00.000Z,0,0
case_78,T2,2026-02-10T07:39:00.000Z,1,
case_78,T4,2026-02-10T07:40:00.000Z,,1
case_78,T2,2026-02-10T07:41:00.000Z,2,
case_78,T4,2026-02-10T07:42:00.000Z,,2
case_78,T2,2026-02-10T07:43:00.000Z,3,
case_78,T4,2026-02-10T07:44:00.000Z,,3
case_78,T2,2026-02-10T07:45:00.000Z,4,
case_78,T4,2026-02-10T07:46:00.000Z,,4
case_78,T2,2026-02-10T07:47:00.000Z,5,
case_78,T4,2026-02-10T07:48:00.000Z,,5
case_78,T2,2026-02-10T07:49:00.000Z,6,
case_78,T4,2026-02-10T07:50:00.000Z,,6
case_78,T2,2026-02-10T07:51:00.000Z,7,
case_78,T3,2026-02-10T07:52:00.000Z,,
case_79,T1,2026-02-10T07:54:00.000Z,0,0
case_79,T2,2026-02-10T07:55:00.000Z,1,
case_79,T4,2026-02-10T07:56:00.000Z,,1
case_79,T2,2026-02-10T07:57:00.000Z,2,
case_79,T4,2026-02-10T07:58:00.000Z,,2
case_79,T2,2026-02-10T07:59:00.000Z,3,
case_79,T4,2026-02-10T08:00:00.000Z,,3
case_79,T2,2026-02-10T08:01:00.000Z,4,
case_79,T4,2026-02-10T08:02:00.000Z,,4
case_79,T2,2026-02-10T08:03:00.000Z,5,
case_79,T4,2026-02-10T08:04:00.000Z,,5
case_79,T2,2026-02-10T08:05:00.000Z,6,
case_79,T4,2026-02-10T08:06:00.000Z,,6
case_79,T2,2026-02-10T08:07:00.000Z,7,
case_79,T4,2026-02-10T08:08:00.000Z,,7
case_79,T2,2026-02-10T08:09:00.000Z,8,
case_79,T3,2026-02-10T08:10:00.000Z,,
case_80,T1,2026-02-10T08:12:00.000Z,0,0
case_80,T2,2026-02-10T08:13:00.000Z,1,
case_80,T4,2026-02-10T08:14:00.000Z,,1
case_80,T2,2026-02-10T08:15:00.000Z,2,
case_80,T4,2026-02-10T08:16:00.000Z,,2
case_80,T2,2026-02-10T08:17:00.000Z,3,
case_80,T4,2026-02-10T08:18:00.000Z,,3
case_80,T2,2026-02-10T08:19:00.000Z,4,
case_80,T4,2026-02-10T08:20:00.000Z,,4
case_80,T2,2026-02-10T08:21:00.000Z,5,
case_80,T4,2026-02-10T08:22:00.000Z,,5
case_80,T2,2026-02-10T08:23:00.000Z,6,
case_80,T4,2026-02-10T08:24:00.000Z,,6
case_80,T2,2026-02-10T08:25:00.000Z,7,
case_80,T3,2026-02-10T08:26:00.000Z,,
case_81,T1,2026-02-10T08:28:00.000Z,0,0
case_81,T2,2026-02-10T08:29:00.000Z,1,
case_81,T4,2026-02-10T08:30:00.000Z,,1
case_81,T2,2026-02-10T08:31:00.000Z,2,
case_81,T4,2026-02-10T08:32:00.000Z,,2
case_81,T2,2026-02-10T08:33:00.000Z,3,
case_81,T4,2026-02-10T08:34:00.000Z,,3
case_81,T2,2026-02-10T08:35:00.000Z,4,
case_81,T4,2026-02-10T08:36:00.000Z,,4
case_81,T2,2026-02-10T08:37:00.000Z,5,
case_81,T4,2026-02-10T08:38:00.000Z,,5
case_81,T2,2026-02-10T08:39:00.000Z,6,
case_81,T3,2026-02-10T08:40:00.000Z,,
case_82,T1,2026-02-10T08:42:00.000Z,0,0
case_82,T2,2026-02-10T08:43:00.000Z,1,
case_82,T4,2026-02-10T08:44:00.000Z,,1
case_82,T2,2026-02-10T08:45:00.000Z,2,
case_82,T4,2026-02-10T08:46:00.000Z,,2
case_82,T2,2026-02-10T08:47:00.000Z,3,
case_82,T4,2026-02-10T08:48:00.000Z,,3
case_82,T2,2026-02-10T08:49:00.000Z,4,
case_82,T4,2026-02-10T08:50:00.000Z,,4
case_82,T2,2026-02-10T08:51:00.000Z,5,
case_82,T4,2026-02-10T08:52:00.000Z,,5
case_82,T2,2026-02-10T08:53:00.000Z,6,
case_82,T4,2026-02-10T08:54:00.000Z,,6
case_82,T2,2026-02-10T08:55:00.000Z,7,
case_82,T4,2026-02-10T08:56:00.000Z,,7
case_82,T2,2026-02-10T08:57:00.000Z,8,
case_82,T4,2026-02-10T08:58:00.000Z,,8
case_82,T2,2026-02-10T08:59:00.000Z,9,
case_82,T3,2026-02-10T09:00:00.000Z,,
case_83,T1,2026-02-10T09:02:00.000Z,0,0
case_83,T2,2026-02-10T09:03:00.000Z,1,
case_83,T4,2026-02-10T09:04:00.000Z,,1
case_83,T2,2026-02-10T09:05:00.000Z,2,
case_83,T4,2026-02-10T09:06:00.000Z,,2
case_83,T2,2026-02-10T09:07:00.000Z,3,
case_83,T4,2026-02-10T09:08:00.000Z,,3
case_83,T2,2026-02-10T09:09:00.000Z,4,
case_83,T4,2026-02-10T09:10:00.000Z,,4
case_83,T2,2026-02-10T09:11:00.000Z,5,
case_83,T4,2026-02-10T09:12:00.000Z,,5
case_83,T2,2026-02-10T09:13:00.000Z,6,
case_83,T4,2026-02-10T09:14:00.000Z,,6
case_83,T2,2026-02-10T09:15:00.000Z,7,
case_83,T4,2026-02-10T09:16:00.000Z,,7
case_83,T2,2026-02-10T09:17:00.000Z,8,
case_83,T4,2026-02-10T09:18:00.000Z,,8
case_83,T2,2026-02-10T09:19:00.000Z,9,
case_83,T4,2026-02-10T09:20:00.000Z,,9
case_83,T2,2026-02-10T09:21:00.000Z,10,
case_83,T3,2026-02-10T09:22:00.000Z,,
case_84,T1,2026-02-10T09:24:00.000Z,0,0
case_84,T2,2026-02-10T09:25:00.000Z,1,
case_84,T4,2026-02-10T09:26:00.000Z,,1
case_84,T2,2026-02-10T09:27:00.000Z,2,
case_84,T4,2026-02-10T09:28:00.000Z,,2
case_84,T2,2026-02-10T09:29:00.000Z,3,
case_84,T4,2026-02-10T09:30:00.000Z,,3
case_84,T2,2026-02-10T09:31:00.000Z,4,
case_84,T4,2026-02-10T09:32:00.000Z,,4
case_84,T2,2026-02-10T09:33:00.000Z,5,
case_84,T4,2026-02-10T09:34:00.000Z,,5
case_84,T2,2026-02-10T09:35:00.000Z,6,
case_84,T3,2026-02-10T09:36:00.000Z,,
case_85,T1,2026-02-10T09:38:00.000Z,0,0
case_85,T2,2026-02-10T09:39:00.000Z,1,
case_85,T4,2026-02-10T09:40:00.000Z,,1
case_85,T2,2026-02-10T09:41:00.000Z,2,
case_85,T4,2026-02-10T09:42:00.000Z,,2
case_85,T2,2026-02-10T09:43:00.000Z,3,
case_85,T4,2026-02-10T09:44:00.000Z,,3
case_85,T2,2026-02-10T09:45:00.000Z,4,
case_85,T4,2026-02-10T09:46:00.000Z,,4
case_85,T2,2026-02-10T09:47:00.000Z,5,
case_85,T4,2026-02-10T09:48:00.000Z,,5
case_85,T2,2026-02-10T09:49:00.000Z,6,
case_85,T3,2026-02-10T09:50:00.000Z,,
case_86,T1,2026-02-10T09:52:00.000Z,0,0
case_86,T2,2026-02-10T09:53:00.000Z,1,
case_86,T4,2026-02-10T09:54:00.000Z,,1
case_86,T2,2026-02-10T09:55:00.000Z,2,
case_86,T4,2026-02-10T09:56:00.000Z,,2
case_86,T2,2026-02-10T09:57:00.000Z,3,
case_86,T4,2026-02-10T09:58:00.000Z,,3
case_86,T2,2026-02-10T09:59:00.000Z,4,
case_86,T4,2026-02-10T10:00:00.000Z,,4
case_86,T2,2026-02-10T10:01:00.000Z,5,
case_86,T4,2026-02-10T10:02:00.000Z,,5
case_86,T2,2026-02-10T10:03:00.000Z,6,
case_86,T3,2026-02-10T10:04:00.000Z,,
case_87,T1,2026-02-10T10:06:00.000Z,0,0
case_87,T2,2026-02-10T10:07:00.000Z,1,
case_87,T4,2026-02-10T10:08:00.000Z,,1
case_87,T2,2026-02-10T10:09:00.000Z,2,
case_87,T4,2026-02-10T10:10:00.000Z,,2
case_87,T2,2026-02-10T10:11:00.000Z,3,
case_87,T4,2026-02-10T10:12:00.000Z,,3
case_87,T2,2026-02-10T10:13:00.000Z,4,
case_87,T4,2026-02-10T10:14:00.000Z,,4
case_87,T2,2026-02-10T10:15:00.000Z,5,
case_87,T4,2026-02-10T10:16:00.000Z,,5
case_87,T2,2026-02-10T10:17:00.000Z,6,
case_87,T4,2026-02-10T10:18:00.000Z,,6
case_87,T2,2026-02-10T10:19:00.000Z,7,
case_87,T3,2026-02-10T10:20:00.000Z,,
case_88,T1,2026-02-10T10:22:00.000Z,0,0
case_88,T2,2026-02-10T10:23:00.000Z,1,
case_88,T4,2026-02-10T10:24:00.000Z,,1
case_88,T2,2026-02-10T10:25:00.000Z,2,
case_88,T4,2026-02-10T10:26:00.000Z,,2
case_88,T2,2026-02-10T10:27:00.000Z,3,
case_88,T4,2026-02-10T10:28:00.000Z,,3
case_88,T2,2026-02-10T10:29:00.000Z,4,
case_88,T4,2026-02-10T10:30:00.000Z,,4
case_88,T2,2026-02-10T10:31:00.000Z,5,
case_88,T4,2026-02-10T10:32:00.000Z,,5
case_88,T2,2026-02-10T10:33:00.000Z,6,
case_88,T4,2026-02-10T10:34:00.000Z,,6
case_88,T2,2026-02-10T10:35:00.000Z,7,
case_88,T4,2026-02-10T10:36:00.000Z,,7
case_88,T2,2026-02-10T10:37:00.000Z,8,
case_88,T4,2026-02-10T10:38:00.000Z,,8
case_88,T2,2026-02-10T10:39:00.000Z,9,
case_88,T4,2026-02-10T10:40:00.000Z,,9
case_88,T2,2026-02-10T10:41:00.000Z,10,
case_88,T3,2026-02-10T10:42:00.000Z,,
case_89,T1,2026-02-10T10:44:00.000Z,0,0
case_89,T2,2026-02-10T10:45:00.000Z,1,
case_89,T4,2026-02-10T10:46:00.000Z,,1
case_89,T2,2026-02-10T10:47:00.000Z,2,
case_89,T4,2026-02-10T10:48:00.000Z,,2
case_89,T2,2026-02-10T10:49:00.000Z,3,
case_89,T4,2026-02-10T10:50:00.000Z,,3
case_89,T2,2026-02-10T10:51:00.000Z,4,
case_89,T4,2026-02-10T10:52:00.000Z,,4
case_89,T2,2026-02-10T10:53:00.000Z,5,
case_89,T4,2026-02-10T10:54:00.000Z,,5
case_89,T2,2026-02-10T10:55:00.000Z,6,
case_89,T4,2026-02-10T10:56:00.000Z,,6
case_89,T2,2026-02-10T10:57:00.000Z,7,
case_89,T3,2026-02-10T10:58:00.000Z,,
case_90,T1,2026-02-10T11:00:00.000Z,0,0
case_90,T2,2026-02-10T11:01:00.000Z,1,
case_90,T4,2026-02-10T11:02:00.000Z,,1
case_90,T2,2026-02-10T11:03:00.000Z,2,
case_90,T4,2026-02-10T11:04:00.000Z,,2
case_90,T2,2026-02-10T11:05:00.000Z,3,
case_90,T4,2026-02-10T11:06:00.000Z,,3
case_90,T2,2026-02-10T11:07:00.000Z,4,
case_90,T4,2026-02-10T11:08:00.000Z,,4
case_90,T2,2026-02-10T11:09:00.000Z,5,
case_90,T4,2026-02-10T11:10:00.000Z,,5
case_90,T2,2026-02-10T11:11:00.000Z,6,
case_90,T3,2026-02-10T11:12:00.000Z,,
case_91,T1,2026-02-10T11:14:00.000Z,0,0
case_91,T2,2026-02-10T11:15:00.000Z,1,
case_91,T4,2026-02-10T11:16:00.000Z,,1
case_91,T2,2026-02-10T11:17:00.000Z,2,
case_91,T4,2026-02-10T11:18:00.000Z,,2
case_91,T2,2026-02-10T11:19:00.000Z,3,
case_91,T4,2026-02-10T11:20:00.000Z,,3
case_91,T2,2026-02-10T11:21:00.000Z,4,
case_91,T4,2026-02-10T11:22:00.000Z,,4
case_91,T2,2026-02-10T11:23:00.000Z,5,
case_91,T4,2026-02-10T11:24:00.000Z,,5
case_91,T2,2026-02-10T11:25:00.000Z,6,
case_91,T3,2026-02-10T11:26:00.000Z,,
case_92,T1,2026-02-10T11:28:00.000Z,0,0
case_92,T2,2026-02-10T11:29:00.000Z,1,
case_92,T4,2026-02-10T11:30:00.000Z,,1
case_92,T2,2026-02-10T11:31:00.000Z,2,
case_92,T4,2026-02-10T11:32:00.000Z,,2
case_92,T2,2026-02-10T11:33:00.000Z,3,
case_92,T4,2026-02-10T11:34:00.000Z,,3
case_92,T2,2026-02-10T11:35:00.000Z,4,
case_92,T4,2026-02-10T11:36:00.000Z,,4
case_92,T2,2026-02-10T11:37:00.000Z,5,
case_92,T4,2026-02-10T11:38:00.000Z,,5
case_92,T2,2026-02-10T11:39:00.000Z,6,
case_92,T4,2026-02-10T11:40:00.000Z,,6
case_92,T2,2026-02-10T11:41:00.000Z,7,
case_92,T3,2026-02-10T11:42:00.000Z,,
case_93,T1,2026-02-10T11:44:00.000Z,0,0
case_93,T2,2026-02-10T11:45:00.000Z,1,
case_93,T4,2026-02-10T11:46:00.000Z,,1
case_93,T2,2026-02-10T11:47:00.000Z,2,
case_93,T4,2026-02-10T11:48:00.000Z,,2
case_93,T2,2026-02-10T11:49:00.000Z,3,
case_93,T4,2026-02-10T11:50:00.000Z,,3
case_93,T2,2026-02-10T11:51:00.000Z,4,
case_93,T4,2026-02-10T11:52:00.000Z,,4
case_93,T2,2026-02-10T11:53:00.000Z,5,
case_93,T4,2026-02-10T11:54:00.000Z,,5
case_93,T2,2026-02-10T11:55:00.000Z,6,
case_93,T3,2026-02-10T11:56:00.000Z,,
case_94,T1,2026-02-10T11:58:00.000Z,0,0
case_94,T2,2026-02-10T11:59:00.000Z,1,
case_94,T4,2026-02-10T12:00:00.000Z,,1
case_94,T2,2026-02-10T12:01:00.000Z,2,
case_94,T4,2026-02-10T12:02:00.000Z,,2
case_94,T2,2026-02-10T12:03:00.000Z,3,
case_94,T4,2026-02-10T12:04:00.000Z,,3
case_94,T2,2026-02-10T12:05:00.000Z,4,
case_94,T4,2026-02-10T12:06:00.000Z,,4
case_94,T2,2026-02-10T12:07:00.000Z,5,
case_94,T4,2026-02-10T12:08:00.000Z,,5
case_94,T2,2026-02-10T12:09:00.000Z,6,
case_94,T4,2026-02-10T12:10:00.000Z,,6
case_94,T2,2026-02-10T12:11:00.000Z,7,
case_94,T4,2026-02-10T12:12:00.000Z,,7
case_94,T2,2026-02-10T12:13:00.000Z,8,
case_94,T3,2026-02-10T12:14:00.000Z,,
case_95,T1,2026-02-10T12:16:00.000Z,0,0
case_95,T2,2026-02-10T12:17:00.000Z,1,
case_95,T4,2026-02-10T12:18:00.000Z,,1
case_95,T2,2026-02-10T12:19:00.000Z,2,
case_95,T4,2026-02-10T12:20:00.000Z,,2
case_95,T2,2026-02-10T12:21:00.000Z,3,
case_95,T4,2026-02-10T12:22:00.000Z,,3
case_95,T2,2026-02-10T12:23:00.000Z,4,
case_95,T4,2026-02-10T12:24:00.000Z,,4
case_95,T2,2026-02-10T12:25:00.000Z,5,
case_95,T4,2026-02-10T12:26:00.000Z,,5
case_95,T2,2026-02-10T12:27:00.000Z,6,
case_95,T4,2026-02-10T12:28:00.000Z,,6
case_95,T2,2026-02-10T12:29:00.000Z,7,
case_95,T3,2026-02-10T12:30:00.000Z,,
case_96,T1,2026-02-10T12:32:00.000Z,0,0
case_96,T2,2026-02-10T12:33:00.000Z,1,
case_96,T4,2026-02-10T12:34:00.000Z,,1
case_96,T2,2026-02-10T12:35:00.000Z,2,
case_96,T4,2026-02-10T12:36:00.000Z,,2
case_96,T2,2026-02-10T12:37:00.000Z,3,
case_96,T4,2026-02-10T12:38:00.000Z,,3
case_96,T2,2026-02-10T12:39:00.000Z,4,
case_96,T4,2026-02-10T12:40:00.000Z,,4
case_96,T2,2026-02-10T12:41:00.000Z,5,
case_96,T4,2026-02-10T12:42:00.000Z,,5
case_96,T2,2026-02-10T12:43:00.000Z,6,
case_96,T4,2026-02-10T12:44:00.000Z,,6
case_96,T2,2026-02-10T12:45:00.000Z,7,
case_96,T3,2026-02-10T12:46:00.000Z,,
case_97,T1,2026-02-10T12:48:00.000Z,0,0
case_97,T2,2026-02-10T12:49:00.000Z,1,
case_97,T4,2026-02-10T12:50:00.000Z,,1
case_97,T2,2026-02-10T12:51:00.000Z,2,
case_97,T4,2026-02-10T12:52:00.000Z,,2
case_97,T2,2026-02-10T12:53:00.000Z,3,
case_97,T4,2026-02-10T12:54:00.000Z,,3
case_97,T2,2026-02-10T12:55:00.000Z,4,
case_97,T4,2026-02-10T12:56:00.000Z,,4
case_97,T2,2026-02-10T12:57:00.000Z,5,
case_97,T4,2026-02-10T12:58:00.000Z,,5
case_97,T2,2026-02-10T12:59:00.000Z,6,
case_97,T3,2026-02-10T13:00:00.000Z,,
case_98,T1,2026-02-10T13:02:00.000Z,0,0
case_98,T2,2026-02-10T13:03:00.000Z,1,
case_98,T4,2026-02-10T13:04:00.000Z,,1
case_98,T2,2026-02-10T13:05:00.000Z,2,
case_98,T4,2026-02-10T13:06:00.000Z,,2
case_98,T2,2026-02-10T13:07:00.000Z,3,
case_98,T4,2026-02-10T13:08:00.000Z,,3
case_98,T2,2026-02-10T13:09:00.000Z,4,
case_98,T4,2026-02-10T13:10:00.000Z,,4
case_98,T2,2026-02-10T13:11:00.000Z,5,
case_98,T4,2026-02-10T13:12:00.000Z,,5
case_98,T2,2026-02-10T13:13:00.000Z,6,
case_98,T3,2026-02-10T13:14:00.000Z,,
case_99,T1,2026-02-10T13:16:00.000Z,0,0
case_99,T2,2026-02-10T13:17:00.000Z,1,
case_99,T4,2026-02-10T13:18:00.000Z,,1
case_99,T2,2026-02-10T13:19:00.000Z,2,
case_99,T4,2026-02-10T13:20:00.000Z,,2
case_99,T2,2026-02-10T13:21:00.000Z,3,
case_99,T4,2026-02-10T13:22:00.000Z,,3
case_99,T2,2026-02-10T13:23:00.000Z,4,
case_99,T4,2026-02-10T13:24:00.000Z,,4
case_99,T2,2026-02-10T13:25:00.000Z,5,
case_99,T4,2026-02-10T13:26:00.000Z,,5
case_99,T2,2026-02-10T13:27:00.000Z,6,
case_99,T4,2026-02-10T13:28:00.000Z,,6
case_99,T2,2026-02-10T13:29:00.000Z,7,
case_99,T3,2026-02-10T13:30:00.000Z,,
case_100,T1,2026-02-10T13:32:00.000Z,0,0
case_100,T2,2026-02-10T13:33:00.000Z,1,
case_100,T4,2026-02-10T13:34:00.000Z,,1
case_100,T2,2026-02-10T13:35:00.000Z,2,
case_100,T4,2026-02-10T13:36:00.000Z,,2
case_100,T2,2026-02-10T13:37:00.000Z,3,
case_100,T4,2026-02-10T13:38:00.000Z,,3
case_100,T2,2026-02-10T13:39:00.000Z,4,
case_100,T4,2026-02-10T13:40:00.000Z,,4
case_100,T2,2026-02-10T13:41:00.000Z,5,
case_100,T4,2026-02-10T13:42:00.000Z,,5
case_100,T2,2026-02-10T13:43:00.000Z,6,
case_100,T4,2026-02-10T13:44:00.000Z,,6
case_100,T2,2026-02-10T13:45:00.000Z,7,
case_100,T3,2026-02-10T13:46:00.000Z,,